account_id,sent_count,received_count,connections,hop_count,risk_score
ACCT003406,1,4,5,1,10
ACCT000006,1,1,2,1,16
ACCT000008,1,1,2,1,17
ACCT000009,1,1,2,1,13
ACCT000013,1,2,3,1,28
ACCT001479,1,2,3,1,27
ACCT000016,1,1,2,1,17
ACCT000536,1,2,3,1,22
ACCT002109,1,1,2,1,17
ACCT000018,1,2,3,1,27
ACCT001084,0,1,1,0,7
ACCT001498,1,1,2,1,13
ACCT000020,1,1,2,1,19
ACCT002432,1,1,2,1,17
ACCT000021,1,1,2,1,18
ACCT000022,1,2,3,1,30
ACCT003014,0,3,3,0,14
ACCT000024,1,1,2,1,14
ACCT000448,0,3,3,0,13
ACCT003313,1,2,3,1,27
ACCT000028,1,0,1,0,8
ACCT003063,1,1,2,1,20
ACCT000029,1,1,2,1,18
ACCT000842,1,2,3,1,6
ACCT000941,1,1,2,1,15
ACCT000200,1,2,3,1,13
ACCT002037,1,2,3,1,10
ACCT000037,1,0,1,0,6
ACCT002806,1,1,2,1,21
ACCT000564,1,3,4,1,22
ACCT000702,1,2,3,1,12
ACCT000043,1,1,2,1,17
ACCT002099,1,2,3,1,25
ACCT000044,1,3,4,1,6
ACCT000260,1,1,2,1,18
ACCT000045,1,0,1,0,6
ACCT001372,1,2,3,1,24
ACCT000046,1,1,2,1,16
ACCT002793,0,3,3,0,14
ACCT002227,1,2,3,1,29
ACCT000843,1,2,3,1,29
ACCT000053,1,0,1,0,7
ACCT002221,1,1,2,1,20
ACCT000054,1,1,2,1,20
ACCT002912,1,1,2,1,20
ACCT000056,1,1,2,1,17
ACCT002000,1,2,3,1,21
ACCT000059,1,2,3,1,17
ACCT002954,1,1,2,1,17
ACCT000062,1,2,3,1,26
ACCT002790,1,1,2,1,17
ACCT002143,1,1,2,1,14
ACCT001045,1,2,3,1,6
ACCT000066,1,1,2,1,18
ACCT000617,1,2,3,1,25
ACCT000067,1,2,3,1,29
ACCT003676,1,2,3,1,24
ACCT000069,1,0,1,0,6
ACCT002472,0,1,1,0,6
ACCT000070,1,1,2,1,9
ACCT003402,1,3,4,1,26
ACCT000073,1,1,2,1,16
ACCT000953,0,3,3,0,11
ACCT000075,1,1,2,1,18
ACCT001531,1,1,2,1,16
ACCT000076,1,1,2,1,20
ACCT002986,1,2,3,1,23
ACCT000078,1,1,2,1,16
ACCT001357,1,3,4,1,33
ACCT000081,1,1,2,1,13
ACCT002737,1,1,2,1,20
ACCT000083,1,0,1,0,7
ACCT000051,0,1,1,0,7
ACCT000084,1,0,1,0,8
ACCT000590,1,1,2,1,21
ACCT000086,1,2,3,1,23
ACCT000089,1,1,2,1,17
ACCT003018,1,1,2,1,21
ACCT001296,1,3,4,1,24
ACCT000092,1,0,1,0,8
ACCT001653,1,2,3,1,31
ACCT000095,1,2,3,1,27
ACCT001234,1,2,3,1,31
ACCT000096,1,2,3,1,18
ACCT002034,1,1,2,1,11
ACCT000098,1,1,2,1,15
ACCT000099,1,1,2,1,18
ACCT002886,0,3,3,0,17
ACCT000307,1,3,4,1,29
ACCT000101,1,1,2,1,22
ACCT000147,1,1,2,1,19
ACCT000104,1,1,2,1,18
ACCT003066,1,2,3,1,33
ACCT000105,1,0,1,0,6
ACCT002762,1,2,3,1,28
ACCT003335,1,2,3,1,24
ACCT003525,1,2,3,1,24
ACCT000108,1,1,2,1,15
ACCT001354,1,2,3,1,24
ACCT000907,1,2,3,1,24
ACCT002966,1,2,3,1,6
ACCT001221,1,1,2,1,19
ACCT000115,1,1,2,1,19
ACCT003219,1,2,3,1,30
ACCT000314,1,2,3,1,28
ACCT000117,1,0,1,0,7
ACCT001904,1,2,3,1,31
ACCT002739,1,2,3,1,15
ACCT002420,1,2,3,1,20
ACCT000282,1,2,3,1,6
ACCT000124,1,2,3,1,24
ACCT001982,1,1,2,1,15
ACCT000127,1,0,1,0,6
ACCT003484,0,2,2,0,11
ACCT000131,1,0,1,0,8
ACCT002543,1,1,2,1,18
ACCT000133,1,0,1,0,7
ACCT000966,1,3,4,1,38
ACCT002211,1,2,3,1,24
ACCT000139,1,2,3,1,25
ACCT003269,1,1,2,1,15
ACCT000140,1,1,2,1,17
ACCT000141,1,1,2,1,14
ACCT000513,1,3,4,1,28
ACCT000143,1,0,1,0,7
ACCT002252,0,1,1,0,7
ACCT000144,1,1,2,1,15
ACCT002820,1,1,2,1,16
ACCT001797,1,2,3,1,15
ACCT000146,1,0,1,0,6
ACCT000283,0,1,1,0,6
ACCT002259,1,3,4,1,32
ACCT000149,1,0,1,0,8
ACCT000792,0,1,1,0,8
ACCT000150,1,1,2,1,18
ACCT001291,1,1,2,1,22
ACCT000152,1,2,3,1,22
ACCT003311,1,2,3,1,20
ACCT000154,1,2,3,1,24
ACCT000156,1,0,1,0,7
ACCT001148,1,3,4,1,24
ACCT000160,1,1,2,1,14
ACCT000161,1,1,2,1,11
ACCT001588,1,1,2,1,16
ACCT000166,1,2,3,1,25
ACCT002372,0,2,2,0,12
ACCT000167,1,1,2,1,19
ACCT002577,1,2,3,1,23
ACCT000170,1,0,1,0,7
ACCT001227,0,3,3,0,21
ACCT000171,1,0,1,0,6
ACCT001263,0,1,1,0,6
ACCT000540,0,3,3,0,6
ACCT000176,1,2,3,1,27
ACCT001440,1,1,2,1,11
ACCT000182,1,2,3,1,33
ACCT000217,1,1,2,1,17
ACCT001196,0,2,2,0,9
ACCT002871,1,3,4,1,29
ACCT000187,1,0,1,0,7
ACCT000424,1,1,2,1,15
ACCT000191,1,1,2,1,16
ACCT002592,1,2,3,1,23
ACCT000192,1,2,3,1,25
ACCT003306,0,1,1,0,7
ACCT000194,1,1,2,1,18
ACCT000547,0,2,2,0,7
ACCT000195,1,1,2,1,15
ACCT001133,0,3,3,0,15
ACCT000197,1,0,1,0,7
ACCT000648,0,1,1,0,7
ACCT001930,1,3,4,1,32
ACCT000199,1,3,4,1,20
ACCT001779,1,1,2,1,14
ACCT000202,1,1,2,1,15
ACCT002860,1,2,3,1,29
ACCT001508,1,3,4,1,30
ACCT000205,1,2,3,1,20
ACCT001421,1,2,3,1,26
ACCT001256,1,2,3,1,25
ACCT000207,1,1,2,1,10
ACCT000519,0,2,2,0,10
ACCT003038,1,1,2,1,9
ACCT000213,1,0,1,0,6
ACCT000315,1,1,2,1,17
ACCT000214,1,2,3,1,17
ACCT000893,0,2,2,0,6
ACCT003694,1,1,2,1,17
ACCT000218,1,1,2,1,16
ACCT002031,1,2,3,1,24
ACCT001506,1,1,2,1,15
ACCT000221,1,0,1,0,6
ACCT000223,1,1,2,1,10
ACCT001166,1,1,2,1,16
ACCT000225,1,0,1,0,7
ACCT000226,1,0,1,0,7
ACCT003282,1,1,2,1,22
ACCT000227,1,4,5,1,32
ACCT002045,1,1,2,1,20
ACCT000229,1,3,4,1,39
ACCT001138,1,1,2,1,14
ACCT000230,1,1,2,1,20
ACCT002138,1,3,4,1,34
ACCT000231,1,3,4,1,38
ACCT001297,1,1,2,1,18
ACCT000232,1,1,2,1,19
ACCT000233,1,2,3,1,17
ACCT002582,1,2,3,1,20
ACCT001859,0,2,2,0,11
ACCT001159,1,2,3,1,6
ACCT000243,1,1,2,1,13
ACCT001400,1,2,3,1,22
ACCT000244,1,0,1,0,7
ACCT001741,1,3,4,1,26
ACCT000538,1,3,4,1,25
ACCT001470,0,2,2,0,7
ACCT000251,1,2,3,1,26
ACCT000427,1,2,3,1,24
ACCT000565,1,3,4,1,25
ACCT000253,1,2,3,1,32
ACCT003285,0,3,3,0,9
ACCT000254,1,1,2,1,21
ACCT003697,1,1,2,1,20
ACCT003636,1,1,2,1,17
ACCT001015,1,1,2,1,12
ACCT000258,1,1,2,1,15
ACCT001081,1,1,2,1,20
ACCT001384,1,1,2,1,19
ACCT000262,1,3,4,1,28
ACCT001313,1,1,2,1,18
ACCT002273,1,2,3,1,27
ACCT002449,0,2,2,0,11
ACCT001071,1,1,2,1,15
ACCT002205,0,2,2,0,9
ACCT002905,1,2,3,1,31
ACCT000269,1,1,2,1,13
ACCT000270,1,0,1,0,7
ACCT002626,0,1,1,0,7
ACCT003021,1,4,5,1,43
ACCT000273,1,1,2,1,17
ACCT001858,0,2,2,0,11
ACCT002969,1,2,3,1,26
ACCT000275,1,0,1,0,7
ACCT000593,0,3,3,0,16
ACCT000276,1,1,2,1,14
ACCT000665,1,2,3,1,18
ACCT003536,1,1,2,1,17
ACCT002891,0,2,2,0,12
ACCT000288,1,0,1,0,7
ACCT001894,1,1,2,1,16
ACCT001929,1,2,3,1,26
ACCT003427,1,2,3,1,21
ACCT000292,1,0,1,0,6
ACCT001141,0,1,1,0,6
ACCT003224,1,3,4,1,34
ACCT000295,1,1,2,1,14
ACCT003563,1,2,3,1,24
ACCT002482,1,3,4,1,32
ACCT001751,1,2,3,1,23
ACCT000300,1,0,1,0,6
ACCT002606,1,1,2,1,20
ACCT000302,1,1,2,1,14
ACCT000172,0,2,2,0,12
ACCT002697,1,3,4,1,8
ACCT000305,1,3,4,1,25
ACCT000867,0,2,2,0,8
ACCT002360,1,1,2,1,15
ACCT003019,0,2,2,0,10
ACCT000311,1,0,1,0,6
ACCT002431,1,2,3,1,25
ACCT003429,1,2,3,1,20
ACCT002696,1,1,2,1,19
ACCT003507,1,1,2,1,12
ACCT001104,0,2,2,0,7
ACCT000318,1,1,2,1,13
ACCT000406,1,3,4,1,24
ACCT000320,1,2,3,1,26
ACCT000321,1,0,1,0,7
ACCT003056,1,3,4,1,35
ACCT000322,1,2,3,1,22
ACCT000325,1,1,2,1,12
ACCT002095,1,1,2,1,14
ACCT000869,0,2,2,0,8
ACCT002953,1,3,4,1,27
ACCT000333,1,0,1,0,6
ACCT000335,1,1,2,1,20
ACCT000774,1,1,2,1,11
ACCT000337,1,1,2,1,21
ACCT002096,1,1,2,1,21
ACCT001477,1,2,3,1,29
ACCT000339,1,2,3,1,24
ACCT003530,0,3,3,0,16
ACCT002465,1,3,4,1,35
ACCT000341,1,0,1,0,6
ACCT001485,1,1,2,1,18
ACCT000342,1,1,2,1,16
ACCT001740,1,1,2,1,13
ACCT000343,1,2,3,1,17
ACCT002862,1,2,3,1,19
ACCT000345,1,1,2,1,18
ACCT003079,1,2,3,1,18
ACCT000348,1,1,2,1,21
ACCT001476,1,1,2,1,21
ACCT002796,1,1,2,1,10
ACCT000353,1,0,1,0,8
ACCT000814,1,2,3,1,27
ACCT000354,1,1,2,1,18
ACCT003381,1,4,5,1,41
ACCT001161,1,1,2,1,13
ACCT000357,1,0,1,0,6
ACCT001863,1,1,2,1,13
ACCT001043,1,2,3,1,24
ACCT000364,1,0,1,0,6
ACCT001828,1,1,2,1,11
ACCT000123,0,4,4,0,20
ACCT001162,1,1,2,1,15
ACCT000367,1,1,2,1,14
ACCT001339,1,1,2,1,21
ACCT000368,1,2,3,1,21
ACCT003088,1,2,3,1,32
ACCT000369,1,2,3,1,21
ACCT000377,1,0,1,0,6
ACCT001995,1,1,2,1,10
ACCT000531,1,1,2,1,12
ACCT000395,1,2,3,1,19
ACCT000390,1,0,1,0,7
ACCT000391,1,0,1,0,7
ACCT001351,0,2,2,0,10
ACCT000393,1,1,2,1,18
ACCT000976,1,4,5,1,35
ACCT000394,1,0,1,0,6
ACCT002483,1,1,2,1,21
ACCT003689,1,1,2,1,9
ACCT000396,1,1,2,1,14
ACCT002410,1,2,3,1,23
ACCT001076,1,2,3,1,7
ACCT000401,1,0,1,0,6
ACCT000464,1,1,2,1,18
ACCT000404,1,3,4,1,28
ACCT000405,1,1,2,1,17
ACCT000408,1,1,2,1,9
ACCT001423,1,2,3,1,21
ACCT002285,1,1,2,1,16
ACCT002765,1,3,4,1,24
ACCT000415,1,1,2,1,18
ACCT001532,0,1,1,0,7
ACCT000416,1,2,3,1,19
ACCT000422,1,1,2,1,18
ACCT002607,1,1,2,1,22
ACCT000423,1,0,1,0,7
ACCT003307,1,1,2,1,15
ACCT001119,1,2,3,1,24
ACCT002922,1,1,2,1,13
ACCT001501,1,3,4,1,33
ACCT000430,1,1,2,1,12
ACCT001272,0,2,2,0,9
ACCT001842,1,3,4,1,26
ACCT000432,1,2,3,1,21
ACCT001069,0,3,3,0,17
ACCT000442,1,4,5,1,36
ACCT000436,1,1,2,1,13
ACCT002981,1,2,3,1,7
ACCT000441,1,1,2,1,13
ACCT001330,1,1,2,1,16
ACCT003361,1,1,2,1,15
ACCT000444,1,3,4,1,40
ACCT000921,0,1,1,0,6
ACCT000449,1,2,3,1,8
ACCT002389,1,2,3,1,24
ACCT000453,1,1,2,1,14
ACCT001983,1,4,5,1,26
ACCT000454,1,1,2,1,16
ACCT001490,1,3,4,1,29
ACCT000455,1,1,2,1,18
ACCT002496,1,1,2,1,14
ACCT000805,1,2,3,1,26
ACCT000458,1,0,1,0,6
ACCT002814,1,1,2,1,19
ACCT000460,1,1,2,1,15
ACCT001752,0,2,2,0,11
ACCT001537,1,1,2,1,20
ACCT000462,1,0,1,0,7
ACCT001005,1,2,3,1,31
ACCT001888,1,1,2,1,13
ACCT003270,1,3,4,1,31
ACCT001145,1,1,2,1,16
ACCT000474,1,1,2,1,21
ACCT003578,1,2,3,1,25
ACCT000476,1,1,2,1,15
ACCT000844,1,1,2,1,15
ACCT001461,1,2,3,1,22
ACCT000483,1,2,3,1,24
ACCT002631,1,1,2,1,18
ACCT000484,1,0,1,0,8
ACCT000485,1,1,2,1,19
ACCT001980,0,3,3,0,13
ACCT000606,1,2,3,1,19
ACCT000488,1,0,1,0,6
ACCT002352,0,4,4,0,24
ACCT002894,1,2,3,1,24
ACCT000812,1,1,2,1,15
ACCT000494,1,3,4,1,27
ACCT001258,1,2,3,1,26
ACCT002197,0,3,3,0,14
ACCT000499,1,1,2,1,17
ACCT002189,1,1,2,1,15
ACCT000502,1,1,2,1,13
ACCT000930,1,1,2,1,21
ACCT001489,1,4,5,1,43
ACCT000504,1,1,2,1,11
ACCT001815,1,3,4,1,34
ACCT000505,1,0,1,0,6
ACCT002174,1,2,3,1,30
ACCT000506,1,2,3,1,27
ACCT001554,1,2,3,1,26
ACCT000508,1,1,2,1,18
ACCT000808,1,2,3,1,26
ACCT002387,1,3,4,1,33
ACCT001028,1,1,2,1,13
ACCT002763,1,3,4,1,8
ACCT001891,0,3,3,0,19
ACCT000517,1,0,1,0,6
ACCT000650,1,1,2,1,12
ACCT000524,1,3,4,1,34
ACCT000856,1,1,2,1,18
ACCT001371,1,2,3,1,6
ACCT000528,1,1,2,1,17
ACCT003156,1,2,3,1,27
ACCT002698,1,3,4,1,39
ACCT000533,1,0,1,0,8
ACCT000534,1,1,2,1,9
ACCT002638,1,1,2,1,14
ACCT000761,1,4,5,1,11
ACCT002048,1,1,2,1,21
ACCT000541,1,0,1,0,6
ACCT000542,1,1,2,1,20
ACCT001957,1,2,3,1,28
ACCT000544,1,0,1,0,7
ACCT001998,1,1,2,1,19
ACCT000545,1,1,2,1,20
ACCT002770,1,2,3,1,29
ACCT000546,1,0,1,0,6
ACCT002919,1,2,3,1,7
ACCT001856,1,2,3,1,16
ACCT000554,1,3,4,1,8
ACCT003139,1,2,3,1,26
ACCT000557,1,1,2,1,18
ACCT002476,1,2,3,1,25
ACCT000931,1,2,3,1,29
ACCT003364,1,2,3,1,17
ACCT000560,1,0,1,0,7
ACCT001886,0,3,3,0,16
ACCT000562,1,1,2,1,14
ACCT000468,0,2,2,0,6
ACCT003673,1,1,2,1,18
ACCT000566,1,1,2,1,12
ACCT000964,0,4,4,0,19
ACCT000569,1,0,1,0,8
ACCT001973,1,1,2,1,20
ACCT000570,1,0,1,0,7
ACCT000571,1,2,3,1,19
ACCT000576,1,1,2,1,15
ACCT000577,1,1,2,1,20
ACCT000578,1,1,2,1,21
ACCT000071,0,2,2,0,10
ACCT000579,1,2,3,1,20
ACCT000580,1,1,2,1,16
ACCT001229,0,2,2,0,6
ACCT000581,1,0,1,0,8
ACCT003116,1,1,2,1,19
ACCT000582,1,1,2,1,17
ACCT003652,1,1,2,1,17
ACCT003400,1,1,2,1,14
ACCT000588,1,0,1,0,6
ACCT003104,1,2,3,1,19
ACCT000589,1,0,1,0,8
ACCT000948,1,1,2,1,20
ACCT000960,1,2,3,1,22
ACCT002324,1,2,3,1,24
ACCT000596,1,2,3,1,27
ACCT000597,1,0,1,0,6
ACCT000598,1,0,1,0,6
ACCT002584,1,3,4,1,27
ACCT003127,1,1,2,1,17
ACCT000600,1,2,3,1,25
ACCT002467,1,2,3,1,23
ACCT003511,1,4,5,1,44
ACCT000605,1,1,2,1,14
ACCT003407,0,2,2,0,11
ACCT000607,1,0,1,0,7
ACCT003073,1,3,4,1,25
ACCT000608,1,1,2,1,21
ACCT001002,1,2,3,1,29
ACCT000610,1,1,2,1,15
ACCT003398,0,3,3,0,17
ACCT000613,1,1,2,1,10
ACCT001724,1,1,2,1,15
ACCT003696,1,1,2,1,19
ACCT000620,1,3,4,1,23
ACCT000272,0,1,1,0,7
ACCT003574,1,1,2,1,13
ACCT000623,1,1,2,1,12
ACCT003035,1,1,2,1,20
ACCT000628,1,3,4,1,6
ACCT002079,1,2,3,1,22
ACCT000632,1,0,1,0,7
ACCT003686,1,1,2,1,19
ACCT000636,1,1,2,1,20
ACCT001871,0,3,3,0,17
ACCT000639,1,0,1,0,7
ACCT000023,0,2,2,0,14
ACCT000640,1,1,2,1,13
ACCT000820,1,2,3,1,18
ACCT000643,1,2,3,1,22
ACCT002943,1,2,3,1,26
ACCT002245,0,4,4,0,14
ACCT000647,1,2,3,1,29
ACCT003272,1,1,2,1,20
ACCT002725,1,1,2,1,11
ACCT000655,1,2,3,1,24
ACCT000412,0,2,2,0,7
ACCT000658,1,0,1,0,7
ACCT001090,1,2,3,1,28
ACCT000663,1,1,2,1,19
ACCT001635,0,3,3,0,16
ACCT003395,1,3,4,1,30
ACCT000667,1,1,2,1,9
ACCT001666,1,1,2,1,15
ACCT000668,1,2,3,1,20
ACCT000669,1,1,2,1,17
ACCT000670,1,5,6,1,48
ACCT001121,1,1,2,1,16
ACCT001683,1,2,3,1,16
ACCT001123,1,3,4,1,33
ACCT000675,1,0,1,0,7
ACCT003299,1,2,3,1,27
ACCT000676,1,1,2,1,18
ACCT000679,1,1,2,1,16
ACCT001269,1,1,2,1,10
ACCT000683,1,0,1,0,7
ACCT002667,1,1,2,1,18
ACCT000684,1,2,3,1,24
ACCT001289,1,1,2,1,13
ACCT002427,0,3,3,0,16
ACCT003444,1,1,2,1,7
ACCT001660,1,1,2,1,12
ACCT000692,1,1,2,1,15
ACCT000694,1,1,2,1,17
ACCT001054,1,1,2,1,17
ACCT000699,1,1,2,1,16
ACCT002300,0,1,1,0,7
ACCT000700,1,2,3,1,24
ACCT000701,1,1,2,1,17
ACCT001475,1,2,3,1,23
ACCT002730,1,2,3,1,23
ACCT002224,1,3,4,1,33
ACCT000707,1,3,4,1,37
ACCT001630,1,2,3,1,24
ACCT000708,1,0,1,0,7
ACCT000085,0,1,1,0,7
ACCT000709,1,0,1,0,7
ACCT000753,1,2,3,1,25
ACCT000710,1,0,1,0,8
ACCT002216,1,2,3,1,30
ACCT000711,1,1,2,1,21
ACCT002225,1,1,2,1,16
ACCT000716,1,1,2,1,20
ACCT001668,1,3,4,1,28
ACCT003330,0,2,2,0,12
ACCT000723,1,1,2,1,11
ACCT000725,1,1,2,1,11
ACCT002200,1,2,3,1,25
ACCT002475,1,1,2,1,15
ACCT002642,1,1,2,1,19
ACCT000731,1,0,1,0,6
ACCT001562,0,2,2,0,10
ACCT000734,1,0,1,0,7
ACCT000939,0,1,1,0,7
ACCT000736,1,0,1,0,7
ACCT001955,1,1,2,1,21
ACCT000737,1,2,3,1,14
ACCT000738,1,0,1,0,8
ACCT002849,0,2,2,0,13
ACCT000739,1,1,2,1,20
ACCT000740,1,0,1,0,7
ACCT002726,1,2,3,1,29
ACCT000741,1,3,4,1,35
ACCT002412,1,1,2,1,17
ACCT000742,1,1,2,1,12
ACCT001896,1,2,3,1,26
ACCT000743,1,1,2,1,14
ACCT001260,0,3,3,0,9
ACCT003539,1,1,2,1,14
ACCT000748,1,0,1,0,6
ACCT000751,1,1,2,1,14
ACCT003007,1,1,2,1,9
ACCT001951,1,1,2,1,16
ACCT000754,1,2,3,1,28
ACCT003288,1,1,2,1,17
ACCT000755,1,0,1,0,8
ACCT000757,1,1,2,1,19
ACCT002836,1,1,2,1,20
ACCT000758,1,1,2,1,17
ACCT003387,1,1,2,1,13
ACCT000920,1,1,2,1,13
ACCT000763,1,1,2,1,20
ACCT002441,0,1,1,0,6
ACCT000764,1,1,2,1,16
ACCT000766,1,1,2,1,20
ACCT000767,1,0,1,0,6
ACCT002497,1,2,3,1,26
ACCT000770,1,0,1,0,6
ACCT003009,1,2,3,1,23
ACCT000771,1,0,1,0,6
ACCT002574,1,1,2,1,18
ACCT000776,1,0,1,0,6
ACCT003382,1,3,4,1,54
ACCT000777,1,2,3,1,25
ACCT000778,1,2,3,1,20
ACCT002447,1,1,2,1,19
ACCT001526,1,2,3,1,25
ACCT003036,1,1,2,1,14
ACCT000880,1,2,3,1,19
ACCT001963,1,1,2,1,18
ACCT000787,1,1,2,1,18
ACCT002615,1,2,3,1,8
ACCT000790,1,1,2,1,19
ACCT000791,1,0,1,0,6
ACCT003150,1,1,2,1,16
ACCT000793,1,0,1,0,7
ACCT002456,0,2,2,0,11
ACCT000798,1,0,1,0,6
ACCT003103,1,2,3,1,29
ACCT000799,1,2,3,1,29
ACCT002939,1,1,2,1,6
ACCT000800,1,2,3,1,20
ACCT001529,1,1,2,1,19
ACCT000804,1,2,3,1,26
ACCT003331,1,2,3,1,30
ACCT000806,1,1,2,1,13
ACCT003094,1,1,2,1,15
ACCT003352,1,2,3,1,26
ACCT002880,1,2,3,1,27
ACCT003506,1,2,3,1,27
ACCT001230,1,4,5,1,41
ACCT000816,1,0,1,0,6
ACCT000819,1,1,2,1,20
ACCT001533,1,1,2,1,20
ACCT000821,1,0,1,0,7
ACCT000823,1,0,1,0,7
ACCT003027,1,1,2,1,18
ACCT000825,1,1,2,1,18
ACCT000826,1,2,3,1,22
ACCT000583,0,2,2,0,8
ACCT000986,1,1,2,1,16
ACCT003553,1,1,2,1,18
ACCT000829,1,1,2,1,15
ACCT000929,1,2,3,1,18
ACCT000830,1,1,2,1,17
ACCT000495,0,1,1,0,7
ACCT000831,1,1,2,1,16
ACCT001594,1,1,2,1,16
ACCT000833,1,0,1,0,6
ACCT003332,1,2,3,1,24
ACCT000836,1,0,1,0,6
ACCT000839,1,1,2,1,14
ACCT001665,0,2,2,0,8
ACCT003430,1,1,2,1,14
ACCT002527,1,3,4,1,31
ACCT003256,1,1,2,1,14
ACCT000845,1,2,3,1,24
ACCT000162,0,3,3,0,16
ACCT000846,1,0,1,0,8
ACCT002306,1,1,2,1,20
ACCT000847,1,3,4,1,33
ACCT003368,1,1,2,1,14
ACCT000850,1,0,1,0,8
ACCT003262,1,1,2,1,19
ACCT000853,1,0,1,0,7
ACCT002084,1,1,2,1,16
ACCT000855,1,2,3,1,20
ACCT001988,1,1,2,1,13
ACCT001240,0,3,3,0,16
ACCT000857,1,0,1,0,7
ACCT001188,1,1,2,1,20
ACCT001832,1,1,2,1,15
ACCT002842,1,2,3,1,18
ACCT000862,1,1,2,1,15
ACCT003565,1,1,2,1,15
ACCT003237,1,2,3,1,7
ACCT000866,1,2,3,1,24
ACCT002326,1,1,2,1,15
ACCT000872,1,0,1,0,6
ACCT003295,1,1,2,1,18
ACCT000875,1,1,2,1,21
ACCT000876,1,1,2,1,20
ACCT002961,1,1,2,1,16
ACCT000883,1,1,2,1,19
ACCT000894,1,2,3,1,27
ACCT003546,1,2,3,1,6
ACCT000895,1,1,2,1,19
ACCT002152,1,2,3,1,20
ACCT000908,1,0,1,0,6
ACCT003410,0,1,1,0,6
ACCT000909,1,1,2,1,16
ACCT000910,1,1,2,1,18
ACCT002599,0,3,3,0,13
ACCT000912,1,4,5,1,45
ACCT002073,0,2,2,0,11
ACCT000913,1,1,2,1,14
ACCT000916,1,1,2,1,18
ACCT003690,1,1,2,1,20
ACCT000917,1,0,1,0,6
ACCT000918,1,1,2,1,16
ACCT002158,1,1,2,1,21
ACCT000922,1,0,1,0,7
ACCT002498,0,2,2,0,14
ACCT000923,1,1,2,1,21
ACCT002337,1,2,3,1,23
ACCT000924,1,1,2,1,17
ACCT000926,1,0,1,0,6
ACCT003241,1,2,3,1,22
ACCT000927,1,0,1,0,6
ACCT002493,1,1,2,1,20
ACCT000928,1,1,2,1,22
ACCT001323,1,1,2,1,17
ACCT001528,1,1,2,1,17
ACCT002232,1,3,4,1,23
ACCT003227,1,2,3,1,22
ACCT000938,1,1,2,1,17
ACCT003011,0,2,2,0,8
ACCT002985,1,2,3,1,25
ACCT001968,1,3,4,1,28
ACCT000945,1,1,2,1,10
ACCT002585,0,1,1,0,6
ACCT000946,1,1,2,1,14
ACCT000950,1,1,2,1,14
ACCT001792,1,1,2,1,18
ACCT000951,1,1,2,1,17
ACCT000956,1,1,2,1,17
ACCT002630,1,1,2,1,18
ACCT000959,1,1,2,1,10
ACCT001990,0,2,2,0,10
ACCT000965,1,0,1,0,8
ACCT000967,1,1,2,1,12
ACCT002321,1,1,2,1,17
ACCT002044,1,1,2,1,12
ACCT001454,1,1,2,1,18
ACCT001996,1,2,3,1,29
ACCT001379,1,1,2,1,12
ACCT000982,1,0,1,0,7
ACCT002011,1,2,3,1,26
ACCT000984,1,1,2,1,13
ACCT003347,1,2,3,1,26
ACCT000990,1,0,1,0,7
ACCT000992,1,2,3,1,24
ACCT000993,1,1,2,1,18
ACCT000996,1,1,2,1,18
ACCT000997,1,0,1,0,8
ACCT003451,0,1,1,0,8
ACCT001000,1,1,2,1,16
ACCT002414,0,1,1,0,6
ACCT001008,1,3,4,1,37
ACCT001010,1,1,2,1,21
ACCT002769,1,1,2,1,18
ACCT001014,1,0,1,0,6
ACCT001577,0,3,3,0,24
ACCT002779,1,2,3,1,24
ACCT001017,1,0,1,0,7
ACCT001674,0,1,1,0,7
ACCT001018,1,0,1,0,8
ACCT003002,0,1,1,0,8
ACCT001022,1,1,2,1,15
ACCT001023,1,1,2,1,19
ACCT003086,1,1,2,1,17
ACCT002807,1,3,4,1,19
ACCT002680,1,1,2,1,17
ACCT001036,1,1,2,1,16
ACCT001037,1,0,1,0,6
ACCT001039,1,0,1,0,6
ACCT001040,1,2,3,1,26
ACCT001711,1,2,3,1,26
ACCT001042,1,2,3,1,18
ACCT001047,1,2,3,1,14
ACCT001048,1,2,3,1,24
ACCT001051,1,0,1,0,6
ACCT002494,1,1,2,1,15
ACCT002255,0,1,1,0,6
ACCT002811,1,3,4,1,29
ACCT001057,1,0,1,0,8
ACCT001676,1,1,2,1,19
ACCT001579,1,2,3,1,22
ACCT001061,1,2,3,1,7
ACCT003026,1,1,2,1,17
ACCT001063,1,0,1,0,7
ACCT003598,1,1,2,1,19
ACCT001064,1,3,4,1,32
ACCT003090,1,2,3,1,23
ACCT001065,1,2,3,1,30
ACCT002692,1,2,3,1,26
ACCT001067,1,0,1,0,7
ACCT002551,0,1,1,0,7
ACCT001072,1,3,4,1,34
ACCT001075,1,1,2,1,16
ACCT001458,1,1,2,1,18
ACCT001080,1,1,2,1,15
ACCT002404,1,1,2,1,19
ACCT003130,1,2,3,1,22
ACCT001088,1,2,3,1,7
ACCT002487,1,3,4,1,28
ACCT001091,1,0,1,0,6
ACCT003198,1,1,2,1,15
ACCT001092,1,1,2,1,19
ACCT001093,1,1,2,1,9
ACCT000450,0,2,2,0,6
ACCT001404,1,1,2,1,18
ACCT001098,1,0,1,0,6
ACCT003239,1,2,3,1,24
ACCT001099,1,0,1,0,6
ACCT001100,1,0,1,0,7
ACCT003145,1,1,2,1,13
ACCT001101,1,1,2,1,12
ACCT003189,1,2,3,1,23
ACCT001103,1,0,1,0,6
ACCT002181,1,2,3,1,23
ACCT001105,1,0,1,0,8
ACCT001107,1,2,3,1,24
ACCT002907,1,1,2,1,16
ACCT003247,1,1,2,1,14
ACCT002865,1,1,2,1,14
ACCT001112,1,0,1,0,6
ACCT001578,0,1,1,0,6
ACCT002097,1,2,3,1,18
ACCT001117,1,0,1,0,8
ACCT003605,1,2,3,1,31
ACCT001120,1,1,2,1,20
ACCT002371,0,1,1,0,6
ACCT001934,1,1,2,1,18
ACCT002220,1,1,2,1,19
ACCT001253,1,2,3,1,17
ACCT001661,1,1,2,1,15
ACCT001135,1,0,1,0,7
ACCT002407,1,1,2,1,16
ACCT001137,1,0,1,0,6
ACCT001139,1,2,3,1,30
ACCT000451,0,4,4,0,13
ACCT003491,1,3,4,1,32
ACCT001645,1,4,5,1,34
ACCT001259,1,1,2,1,17
ACCT001149,1,1,2,1,10
ACCT001853,1,3,4,1,30
ACCT003384,1,1,2,1,13
ACCT002199,1,1,2,1,19
ACCT001153,1,1,2,1,12
ACCT001154,1,2,3,1,26
ACCT001155,1,1,2,1,12
ACCT002884,1,1,2,1,16
ACCT002157,1,1,2,1,15
ACCT001158,1,1,2,1,13
ACCT003654,0,3,3,0,14
ACCT001590,1,1,2,1,14
ACCT001167,1,0,1,0,7
ACCT000303,0,2,2,0,11
ACCT001169,1,1,2,1,14
ACCT002156,1,3,4,1,30
ACCT001919,0,2,2,0,8
ACCT001175,1,0,1,0,6
ACCT001177,1,1,2,1,9
ACCT001179,1,1,2,1,12
ACCT002743,1,2,3,1,22
ACCT001185,1,0,1,0,7
ACCT001187,1,1,2,1,19
ACCT001190,1,1,2,1,16
ACCT001191,1,0,1,0,7
ACCT002345,1,2,3,1,22
ACCT002745,1,1,2,1,14
ACCT001193,1,1,2,1,18
ACCT002383,0,1,1,0,6
ACCT001198,1,1,2,1,17
ACCT001876,1,2,3,1,28
ACCT001199,1,0,1,0,6
ACCT001200,1,0,1,0,7
ACCT002705,1,1,2,1,15
ACCT001207,1,1,2,1,14
ACCT001208,1,1,2,1,12
ACCT001761,1,2,3,1,7
ACCT001219,1,1,2,1,16
ACCT001222,1,1,2,1,13
ACCT001220,1,1,2,1,18
ACCT002393,0,1,1,0,7
ACCT002276,1,1,2,1,14
ACCT001225,1,1,2,1,11
ACCT003175,1,2,3,1,29
ACCT001232,1,2,3,1,29
ACCT001237,1,2,3,1,7
ACCT001241,1,1,2,1,19
ACCT001610,1,3,4,1,6
ACCT001248,1,1,2,1,17
ACCT003320,1,1,2,1,15
ACCT001249,1,1,2,1,20
ACCT001307,1,2,3,1,25
ACCT001254,1,0,1,0,6
ACCT002649,1,1,2,1,18
ACCT000634,0,2,2,0,13
ACCT003661,1,2,3,1,20
ACCT001268,1,2,3,1,26
ACCT002714,1,2,3,1,22
ACCT001270,1,2,3,1,27
ACCT002979,0,1,1,0,6
ACCT001274,1,0,1,0,6
ACCT001276,1,0,1,0,8
ACCT003534,0,1,1,0,8
ACCT001279,1,0,1,0,7
ACCT001282,1,0,1,0,6
ACCT001283,1,1,2,1,14
ACCT002047,1,1,2,1,17
ACCT001284,1,1,2,1,16
ACCT003108,1,1,2,1,19
ACCT001290,1,0,1,0,6
ACCT002792,1,1,2,1,19
ACCT001292,1,0,1,0,7
ACCT003180,1,1,2,1,12
ACCT001936,1,2,3,1,21
ACCT003321,1,3,4,1,21
ACCT000027,0,2,2,0,8
ACCT002576,1,1,2,1,17
ACCT002791,1,2,3,1,30
ACCT001309,1,1,2,1,14
ACCT002783,1,1,2,1,16
ACCT001314,1,0,1,0,7
ACCT003538,1,3,4,1,35
ACCT001315,1,3,4,1,32
ACCT003532,1,2,3,1,31
ACCT001317,1,0,1,0,7
ACCT002866,1,1,2,1,22
ACCT001318,1,0,1,0,7
ACCT001370,1,1,2,1,18
ACCT001320,1,0,1,0,6
ACCT001334,1,1,2,1,16
ACCT001342,1,2,3,1,25
ACCT001046,0,2,2,0,11
ACCT001328,1,0,1,0,8
ACCT002522,0,2,2,0,11
ACCT003356,1,1,2,1,20
ACCT001331,1,0,1,0,7
ACCT003131,1,1,2,1,18
ACCT001333,1,0,1,0,7
ACCT003124,0,1,1,0,7
ACCT001336,1,1,2,1,11
ACCT002028,1,1,2,1,19
ACCT002134,1,1,2,1,15
ACCT001340,1,1,2,1,16
ACCT001343,1,1,2,1,15
ACCT001348,1,0,1,0,8
ACCT001356,1,1,2,1,19
ACCT001350,1,1,2,1,14
ACCT001352,1,0,1,0,6
ACCT001422,1,1,2,1,18
ACCT003355,1,1,2,1,12
ACCT001483,0,1,1,0,7
ACCT001358,1,1,2,1,16
ACCT002552,1,3,4,1,32
ACCT001359,1,0,1,0,6
ACCT003318,1,2,3,1,20
ACCT001368,1,0,1,0,7
ACCT003109,1,1,2,1,21
ACCT001369,1,1,2,1,17
ACCT003669,1,2,3,1,23
ACCT001378,1,0,1,0,7
ACCT001519,1,2,3,1,20
ACCT001380,1,0,1,0,7
ACCT003305,1,1,2,1,18
ACCT001386,1,1,2,1,16
ACCT003526,1,2,3,1,15
ACCT001391,1,1,2,1,13
ACCT001392,1,1,2,1,12
ACCT001399,1,1,2,1,16
ACCT002328,1,2,3,1,22
ACCT002388,1,2,3,1,20
ACCT001402,1,1,2,1,18
ACCT001403,1,1,2,1,10
ACCT003183,1,1,2,1,15
ACCT001406,1,1,2,1,17
ACCT001872,0,2,2,0,11
ACCT001408,1,1,2,1,18
ACCT002855,1,1,2,1,16
ACCT001410,1,1,2,1,15
ACCT002684,1,1,2,1,12
ACCT002562,1,1,2,1,13
ACCT001612,1,1,2,1,9
ACCT001415,1,1,2,1,16
ACCT002560,1,1,2,1,18
ACCT001418,1,0,1,0,6
ACCT001395,0,1,1,0,6
ACCT001419,1,0,1,0,7
ACCT002973,1,2,3,1,28
ACCT003218,1,1,2,1,6
ACCT001424,1,1,2,1,19
ACCT001556,1,1,2,1,16
ACCT001642,1,3,4,1,28
ACCT001427,1,0,1,0,7
ACCT001013,0,1,1,0,7
ACCT001429,1,0,1,0,6
ACCT001430,1,1,2,1,16
ACCT001431,1,1,2,1,25
ACCT001432,1,1,2,1,18
ACCT001436,1,0,1,0,7
ACCT001596,1,1,2,1,21
ACCT001437,1,0,1,0,6
ACCT001809,1,1,2,1,14
ACCT000188,0,2,2,0,10
ACCT001442,1,2,3,1,23
ACCT003232,1,1,2,1,16
ACCT001443,1,0,1,0,7
ACCT001447,1,1,2,1,19
ACCT001448,1,0,1,0,7
ACCT001450,1,1,2,1,20
ACCT001451,1,0,1,0,6
ACCT002857,1,1,2,1,18
ACCT002945,1,1,2,1,16
ACCT002066,1,1,2,1,18
ACCT001462,1,1,2,1,13
ACCT001464,1,0,1,0,7
ACCT001467,1,1,2,1,18
ACCT002509,1,1,2,1,6
ACCT001469,1,2,3,1,18
ACCT002816,1,1,2,1,13
ACCT003051,1,1,2,1,15
ACCT002534,0,3,3,0,17
ACCT002890,0,1,1,0,6
ACCT001478,1,1,2,1,21
ACCT001393,0,1,1,0,7
ACCT003348,0,2,2,0,10
ACCT001482,1,1,2,1,20
ACCT001547,1,3,4,1,34
ACCT001026,0,1,1,0,6
ACCT002856,1,1,2,1,17
ACCT001493,1,0,1,0,6
ACCT003498,1,1,2,1,18
ACCT001496,1,0,1,0,6
ACCT002786,0,2,2,0,11
ACCT001502,1,0,1,0,6
ACCT001503,1,0,1,0,6
ACCT001507,1,0,1,0,7
ACCT001516,1,0,1,0,6
ACCT001837,1,1,2,1,18
ACCT003425,1,1,2,1,18
ACCT001952,1,2,3,1,21
ACCT001524,1,1,2,1,15
ACCT002338,1,1,2,1,16
ACCT001125,0,3,3,0,16
ACCT001527,1,2,3,1,22
ACCT001535,1,2,3,1,26
ACCT001542,1,0,1,0,6
ACCT001543,1,0,1,0,6
ACCT002677,1,1,2,1,17
ACCT001544,1,1,2,1,14
ACCT001549,1,0,1,0,7
ACCT001992,1,1,2,1,19
ACCT000471,0,2,2,0,7
ACCT002925,1,2,3,1,16
ACCT001558,1,1,2,1,14
ACCT003645,1,1,2,1,9
ACCT003015,0,2,2,0,11
ACCT001574,1,1,2,1,16
ACCT001575,1,0,1,0,8
ACCT001576,1,1,2,1,19
ACCT001582,1,0,1,0,6
ACCT001584,1,0,1,0,7
ACCT003135,1,1,2,1,19
ACCT001586,1,0,1,0,6
ACCT001589,1,1,2,1,15
ACCT001595,1,0,1,0,7
ACCT003700,1,1,2,1,18
ACCT002256,1,1,2,1,17
ACCT001702,0,3,3,0,19
ACCT002970,1,1,2,1,13
ACCT001735,1,2,3,1,27
ACCT003052,0,2,2,0,12
ACCT001609,1,1,2,1,19
ACCT001709,1,1,2,1,14
ACCT001615,1,0,1,0,6
ACCT001616,1,0,1,0,6
ACCT002984,1,2,3,1,22
ACCT001620,1,1,2,1,10
ACCT001839,1,1,2,1,13
ACCT001624,1,1,2,1,16
ACCT002932,0,3,3,0,14
ACCT001626,1,1,2,1,18
ACCT001627,1,1,2,1,21
ACCT003238,1,1,2,1,19
ACCT001634,1,2,3,1,18
ACCT001639,1,0,1,0,7
ACCT002724,1,1,2,1,15
ACCT001647,1,0,1,0,6
ACCT002823,1,1,2,1,18
ACCT001648,1,1,2,1,12
ACCT000418,0,2,2,0,8
ACCT003371,1,1,2,1,12
ACCT002228,1,2,3,1,23
ACCT003016,0,1,1,0,8
ACCT003171,1,1,2,1,12
ACCT002998,1,2,3,1,21
ACCT001662,1,0,1,0,6
ACCT001664,1,1,2,1,14
ACCT001667,1,0,1,0,6
ACCT003469,1,1,2,1,16
ACCT001825,1,1,2,1,13
ACCT001669,1,0,1,0,7
ACCT003597,1,1,2,1,22
ACCT002826,1,2,3,1,25
ACCT001671,1,1,2,1,15
ACCT003608,0,1,1,0,8
ACCT001677,1,1,2,1,15
ACCT001679,1,0,1,0,6
ACCT002445,0,1,1,0,6
ACCT003329,1,1,2,1,17
ACCT001682,1,1,2,1,15
ACCT003416,1,1,2,1,14
ACCT001685,1,0,1,0,6
ACCT001686,1,0,1,0,6
ACCT001512,0,1,1,0,6
ACCT003390,1,2,3,1,17
ACCT002777,1,2,3,1,7
ACCT001692,1,1,2,1,18
ACCT003044,1,1,2,1,17
ACCT001696,1,0,1,0,7
ACCT002927,1,1,2,1,18
ACCT001706,1,0,1,0,6
ACCT000407,0,1,1,0,6
ACCT001707,1,0,1,0,8
ACCT001714,1,0,1,0,7
ACCT000732,0,1,1,0,7
ACCT000896,0,4,4,0,8
ACCT001716,1,0,1,0,7
ACCT002628,1,1,2,1,13
ACCT003301,0,4,4,0,17
ACCT002636,1,4,5,1,38
ACCT000797,0,3,3,0,16
ACCT001737,1,0,1,0,6
ACCT003426,1,2,3,1,26
ACCT002978,1,1,2,1,17
ACCT001744,1,0,1,0,8
ACCT002778,1,1,2,1,19
ACCT000379,0,3,3,0,18
ACCT003069,1,1,2,1,14
ACCT001758,1,1,2,1,18
ACCT001767,1,1,2,1,15
ACCT003043,1,3,4,1,32
ACCT001768,1,0,1,0,7
ACCT003137,0,1,1,0,7
ACCT001769,1,1,2,1,18
ACCT001773,1,0,1,0,7
ACCT001774,1,1,2,1,15
ACCT003283,1,2,3,1,21
ACCT003628,1,1,2,1,16
ACCT002160,1,2,3,1,24
ACCT002235,1,1,2,1,13
ACCT001793,1,1,2,1,15
ACCT001796,1,2,3,1,20
ACCT000861,0,1,1,0,6
ACCT001798,1,0,1,0,8
ACCT002150,1,1,2,1,20
ACCT001800,1,0,1,0,6
ACCT002502,1,2,3,1,19
ACCT001803,1,0,1,0,6
ACCT001962,0,1,1,0,6
ACCT001807,1,1,2,1,15
ACCT002323,1,1,2,1,19
ACCT001808,1,1,2,1,19
ACCT001817,1,1,2,1,19
ACCT002210,0,1,1,0,7
ACCT001824,1,0,1,0,8
ACCT002491,1,1,2,1,22
ACCT003631,1,3,4,1,28
ACCT001826,1,1,2,1,16
ACCT001827,1,1,2,1,19
ACCT002346,1,3,4,1,31
ACCT001835,1,1,2,1,13
ACCT002295,0,2,2,0,9
ACCT002075,1,3,4,1,17
ACCT001847,0,2,2,0,7
ACCT001845,1,1,2,1,13
ACCT001852,1,1,2,1,19
ACCT001854,1,0,1,0,6
ACCT003173,1,1,2,1,17
ACCT001861,1,1,2,1,18
ACCT001867,1,1,2,1,18
ACCT001869,1,1,2,1,17
ACCT001870,1,0,1,0,7
ACCT001009,0,2,2,0,11
ACCT001874,1,0,1,0,6
ACCT002899,1,1,2,1,15
ACCT001877,1,2,3,1,6
ACCT003625,1,1,2,1,18
ACCT001879,1,0,1,0,6
ACCT002706,1,1,2,1,18
ACCT001880,1,1,2,1,18
ACCT001881,1,2,3,1,28
ACCT001883,1,0,1,0,7
ACCT000148,0,3,3,0,10
ACCT001897,1,1,2,1,13
ACCT001898,1,1,2,1,20
ACCT000587,0,1,1,0,7
ACCT001899,1,0,1,0,7
ACCT002305,1,1,2,1,21
ACCT003611,0,2,2,0,7
ACCT001901,1,0,1,0,7
ACCT002173,1,1,2,1,20
ACCT001907,1,0,1,0,6
ACCT002093,1,2,3,1,18
ACCT003194,1,1,2,1,19
ACCT003681,1,1,2,1,12
ACCT002914,1,2,3,1,28
ACCT001917,1,1,2,1,16
ACCT003059,1,2,3,1,23
ACCT001920,1,1,2,1,12
ACCT003099,1,1,2,1,9
ACCT001922,1,1,2,1,19
ACCT001924,1,0,1,0,7
ACCT002520,1,1,2,1,22
ACCT000961,0,3,3,0,18
ACCT000134,0,1,1,0,6
ACCT001933,1,3,4,1,37
ACCT003126,1,1,2,1,18
ACCT002988,1,1,2,1,18
ACCT001941,1,1,2,1,12
ACCT001942,1,2,3,1,22
ACCT002473,0,2,2,0,11
ACCT001946,1,2,3,1,24
ACCT003589,1,1,2,1,6
ACCT002334,1,1,2,1,17
ACCT001353,0,1,1,0,6
ACCT001959,1,1,2,1,16
ACCT003591,1,1,2,1,16
ACCT001966,1,1,2,1,16
ACCT003209,0,2,2,0,10
ACCT001967,1,1,2,1,14
ACCT001723,0,1,1,0,7
ACCT001970,1,1,2,1,17
ACCT001972,1,0,1,0,7
ACCT003112,1,1,2,1,20
ACCT001978,1,0,1,0,7
ACCT002413,1,3,4,1,30
ACCT001981,1,1,2,1,20
ACCT003418,1,1,2,1,10
ACCT002170,1,2,3,1,18
ACCT001799,0,1,1,0,7
ACCT001997,1,0,1,0,8
ACCT002001,1,1,2,1,13
ACCT003121,1,1,2,1,18
ACCT002003,1,1,2,1,20
ACCT002008,1,0,1,0,6
ACCT002299,1,1,2,1,20
ACCT002009,1,0,1,0,8
ACCT003162,1,1,2,1,23
ACCT002013,1,1,2,1,17
ACCT002016,1,0,1,0,7
ACCT000153,0,2,2,0,10
ACCT003477,0,1,1,0,6
ACCT002032,1,2,3,1,13
ACCT001513,0,2,2,0,10
ACCT003474,1,3,4,1,27
ACCT002038,1,0,1,0,6
ACCT002421,1,1,2,1,15
ACCT002049,1,0,1,0,8
ACCT002053,1,1,2,1,15
ACCT002054,1,0,1,0,6
ACCT002438,0,1,1,0,6
ACCT002057,1,0,1,0,7
ACCT003621,1,1,2,1,14
ACCT002061,1,1,2,1,17
ACCT001449,0,1,1,0,7
ACCT002062,1,1,2,1,8
ACCT003100,1,1,2,1,10
ACCT002065,1,1,2,1,17
ACCT002112,1,1,2,1,19
ACCT002067,1,1,2,1,16
ACCT003503,1,1,2,1,16
ACCT003181,1,1,2,1,10
ACCT002076,1,0,1,0,7
ACCT001006,0,1,1,0,7
ACCT002080,1,1,2,1,14
ACCT002083,1,1,2,1,19
ACCT002087,1,1,2,1,6
ACCT003092,1,1,2,1,19
ACCT002090,1,1,2,1,10
ACCT002091,1,0,1,0,7
ACCT002092,1,2,3,1,27
ACCT001416,0,2,2,0,11
ACCT002100,1,0,1,0,6
ACCT001927,0,1,1,0,6
ACCT003518,1,1,2,1,13
ACCT002102,1,1,2,1,14
ACCT002105,1,1,2,1,15
ACCT002164,1,1,2,1,17
ACCT002107,1,1,2,1,19
ACCT002110,1,0,1,0,7
ACCT003258,1,1,2,1,20
ACCT002111,1,0,1,0,7
ACCT002931,0,2,2,0,10
ACCT002113,1,2,3,1,20
ACCT002115,1,1,2,1,14
ACCT002118,1,0,1,0,6
ACCT003476,0,2,2,0,15
ACCT002123,1,0,1,0,6
ACCT002751,1,1,2,1,16
ACCT002127,1,1,2,1,18
ACCT002128,1,0,1,0,6
ACCT002325,1,2,3,1,19
ACCT003176,1,2,3,1,25
ACCT002139,1,1,2,1,18
ACCT002140,1,2,3,1,31
ACCT002579,0,1,1,0,8
ACCT002154,1,1,2,1,13
ACCT002159,1,0,1,0,7
ACCT002288,1,1,2,1,18
ACCT002163,1,2,3,1,29
ACCT002426,0,2,2,0,11
ACCT002165,1,0,1,0,6
ACCT002166,1,0,1,0,6
ACCT002168,1,0,1,0,8
ACCT002169,1,0,1,0,7
ACCT002171,1,0,1,0,8
ACCT002172,1,0,1,0,6
ACCT001755,0,1,1,0,6
ACCT001505,0,1,1,0,6
ACCT002178,1,1,2,1,17
ACCT002179,1,0,1,0,7
ACCT002180,1,2,3,1,28
ACCT002184,1,1,2,1,16
ACCT003161,1,1,2,1,16
ACCT002190,1,0,1,0,7
ACCT002194,1,2,3,1,24
ACCT002196,1,1,2,1,16
ACCT002198,1,1,2,1,11
ACCT001405,0,2,2,0,12
ACCT002983,1,2,3,1,19
ACCT002208,1,1,2,1,16
ACCT001913,0,2,2,0,10
ACCT002214,1,1,2,1,16
ACCT002215,1,0,1,0,6
ACCT003089,1,2,3,1,22
ACCT002222,1,0,1,0,6
ACCT003442,1,1,2,1,13
ACCT002229,1,1,2,1,9
ACCT002234,1,1,2,1,15
ACCT002936,1,2,3,1,26
ACCT003213,1,2,3,1,15
ACCT002827,1,1,2,1,11
ACCT002278,1,0,1,0,7
ACCT002279,1,2,3,1,28
ACCT003527,0,2,2,0,11
ACCT000259,0,1,1,0,6
ACCT000567,0,2,2,0,11
ACCT002292,1,0,1,0,7
ACCT002296,1,1,2,1,12
ACCT002391,1,1,2,1,13
ACCT003522,1,1,2,1,14
ACCT003487,1,1,2,1,13
ACCT002302,1,0,1,0,6
ACCT002309,1,4,5,1,40
ACCT002304,1,0,1,0,6
ACCT002514,1,1,2,1,13
ACCT002310,1,0,1,0,6
ACCT002315,1,0,1,0,7
ACCT000285,0,1,1,0,7
ACCT002317,1,0,1,0,8
ACCT002318,1,1,2,1,19
ACCT002322,1,0,1,0,7
ACCT002329,1,0,1,0,6
ACCT003053,0,2,2,0,14
ACCT002333,1,0,1,0,6
ACCT003684,1,1,2,1,19
ACCT002344,1,1,2,1,18
ACCT002495,0,1,1,0,6
ACCT003257,1,2,3,1,29
ACCT002349,1,1,2,1,20
ACCT002350,1,2,3,1,24
ACCT002361,1,0,1,0,7
ACCT003098,0,1,1,0,7
ACCT003369,1,1,2,1,17
ACCT002364,1,1,2,1,17
ACCT002374,1,1,2,1,18
ACCT003638,1,1,2,1,8
ACCT002377,1,0,1,0,8
ACCT003577,1,1,2,1,20
ACCT002379,1,1,2,1,14
ACCT002679,0,2,2,0,11
ACCT002384,1,0,1,0,6
ACCT002385,1,0,1,0,6
ACCT002397,1,1,2,1,14
ACCT002399,1,1,2,1,11
ACCT003167,1,1,2,1,20
ACCT002401,1,2,3,1,21
ACCT002403,1,0,1,0,7
ACCT002411,1,0,1,0,7
ACCT003541,1,1,2,1,6
ACCT001822,0,2,2,0,11
ACCT002422,1,1,2,1,14
ACCT003695,1,2,3,1,25
ACCT003133,1,1,2,1,11
ACCT002429,1,0,1,0,7
ACCT002430,1,0,1,0,8
ACCT003339,1,1,2,1,14
ACCT003315,1,1,2,1,15
ACCT002567,1,1,2,1,14
ACCT002434,1,1,2,1,14
ACCT003160,1,1,2,1,10
ACCT002437,1,1,2,1,9
ACCT003047,1,1,2,1,15
ACCT002440,1,1,2,1,17
ACCT003568,1,1,2,1,16
ACCT002455,1,0,1,0,7
ACCT002594,1,1,2,1,21
ACCT002458,1,0,1,0,6
ACCT002459,1,0,1,0,7
ACCT003275,1,1,2,1,20
ACCT002464,1,0,1,0,7
ACCT003496,0,2,2,0,8
ACCT002477,1,0,1,0,6
ACCT002481,1,0,1,0,6
ACCT001743,0,1,1,0,8
ACCT002486,1,1,2,1,16
ACCT003473,1,1,2,1,16
ACCT001846,0,2,2,0,12
ACCT002492,1,1,2,1,17
ACCT002499,1,1,2,1,17
ACCT001684,0,1,1,0,7
ACCT002501,1,0,1,0,7
ACCT003548,1,1,2,1,15
ACCT002505,1,2,3,1,22
ACCT002517,1,0,1,0,6
ACCT002518,1,1,2,1,16
ACCT003587,1,3,4,1,32
ACCT002519,1,1,2,1,19
ACCT002524,1,0,1,0,6
ACCT000165,0,1,1,0,6
ACCT002942,1,2,3,1,21
ACCT002526,1,3,4,1,15
ACCT003049,1,1,2,1,18
ACCT002528,1,1,2,1,17
ACCT002530,1,0,1,0,6
ACCT002532,1,0,1,0,6
ACCT002540,1,0,1,0,7
ACCT003080,0,2,2,0,11
ACCT002843,1,1,2,1,17
ACCT002545,1,0,1,0,8
ACCT002546,1,0,1,0,6
ACCT002547,1,0,1,0,6
ACCT002548,1,0,1,0,7
ACCT002550,1,1,2,1,16
ACCT002554,1,0,1,0,8
ACCT003537,1,1,2,1,14
ACCT002557,1,0,1,0,6
ACCT002559,1,1,2,1,16
ACCT002439,0,1,1,0,7
ACCT002561,1,0,1,0,7
ACCT002563,1,0,1,0,7
ACCT002564,1,1,2,1,19
ACCT002565,1,0,1,0,6
ACCT002566,1,0,1,0,8
ACCT002568,1,0,1,0,7
ACCT003599,1,2,3,1,32
ACCT003174,0,1,1,0,6
ACCT003613,1,1,2,1,13
ACCT002587,1,2,3,1,25
ACCT003510,1,1,2,1,15
ACCT001923,0,1,1,0,8
ACCT002608,1,1,2,1,17
ACCT002785,1,1,2,1,19
ACCT002619,1,0,1,0,8
ACCT002580,0,4,4,0,25
ACCT002621,1,0,1,0,8
ACCT002623,1,0,1,0,7
ACCT002627,1,1,2,1,15
ACCT001394,0,2,2,0,9
ACCT002632,1,0,1,0,7
ACCT002633,0,2,2,0,11
ACCT002635,1,0,1,0,7
ACCT003179,0,1,1,0,7
ACCT002637,1,0,1,0,6
ACCT002639,1,0,1,0,8
ACCT000344,0,1,1,0,7
ACCT002643,1,1,2,1,13
ACCT002648,1,0,1,0,8
ACCT002650,1,0,1,0,7
ACCT002654,1,0,1,0,7
ACCT002657,1,1,2,1,13
ACCT002929,1,1,2,1,13
ACCT002660,1,0,1,0,6
ACCT002669,1,0,1,0,7
ACCT002673,1,1,2,1,11
ACCT002674,1,1,2,1,20
ACCT002681,1,0,1,0,8
ACCT002683,1,0,1,0,7
ACCT002687,1,0,1,0,6
ACCT003456,1,1,2,1,20
ACCT002699,1,0,1,0,6
ACCT002702,1,0,1,0,6
ACCT002708,1,1,2,1,20
ACCT002719,1,0,1,0,7
ACCT002721,1,0,1,0,8
ACCT000972,0,2,2,0,14
ACCT002727,1,0,1,0,6
ACCT002729,1,0,1,0,6
ACCT003374,1,1,2,1,13
ACCT002731,1,0,1,0,6
ACCT002738,1,0,1,0,6
ACCT002746,1,0,1,0,7
ACCT002748,1,0,1,0,7
ACCT002749,1,1,2,1,16
ACCT002757,1,0,1,0,8
ACCT002758,1,0,1,0,8
ACCT002760,1,0,1,0,7
ACCT002136,0,1,1,0,7
ACCT003439,1,1,2,1,18
ACCT002797,1,0,1,0,6
ACCT002802,1,0,1,0,8
ACCT002803,1,0,1,0,6
ACCT002808,1,0,1,0,7
ACCT001656,0,2,2,0,8
ACCT002622,0,1,1,0,7
ACCT002841,1,1,2,1,18
ACCT003195,0,2,2,0,8
ACCT002846,1,0,1,0,8
ACCT003378,1,1,2,1,19
ACCT000058,0,1,1,0,7
ACCT003202,1,1,2,1,16
ACCT002859,1,1,2,1,15
ACCT000102,0,1,1,0,8
ACCT002867,1,0,1,0,7
ACCT002879,1,1,2,1,19
ACCT002881,1,0,1,0,7
ACCT001499,0,1,1,0,7
ACCT002883,1,0,1,0,6
ACCT003041,0,3,3,0,10
ACCT002889,1,0,1,0,6
ACCT002895,1,0,1,0,7
ACCT003572,1,1,2,1,19
ACCT002896,1,1,2,1,9
ACCT002898,1,0,1,0,7
ACCT003186,1,2,3,1,29
ACCT002915,1,0,1,0,6
ACCT002920,1,0,1,0,6
ACCT003486,1,1,2,1,15
ACCT003377,1,1,2,1,14
ACCT001218,0,2,2,0,10
ACCT002937,1,0,1,0,6
ACCT001961,0,1,1,0,6
ACCT001468,0,1,1,0,7
ACCT002950,1,0,1,0,8
ACCT002951,1,0,1,0,8
ACCT002952,1,0,1,0,6
ACCT001086,0,1,1,0,6
ACCT002959,1,0,1,0,6
ACCT002964,1,1,2,1,16
ACCT002965,1,0,1,0,6
ACCT002355,0,1,1,0,6
ACCT003346,1,1,2,1,19
ACCT002641,0,1,1,0,7
ACCT001247,0,2,2,0,11
ACCT003297,1,2,3,1,6
ACCT002992,1,0,1,0,7
ACCT002949,0,2,2,0,12
ACCT003020,1,1,2,1,19
ACCT003345,1,1,2,1,14
ACCT001557,0,2,2,0,13
ACCT003060,1,0,1,0,7
ACCT001030,0,2,2,0,9
ACCT003479,1,1,2,1,14
ACCT003068,1,0,1,0,7
ACCT003074,1,0,1,0,7
ACCT001909,0,1,1,0,7
ACCT003082,1,0,1,0,6
ACCT003083,1,1,2,1,21
ACCT003091,1,2,3,1,23
ACCT003095,1,0,1,0,6
ACCT003125,1,1,2,1,17
ACCT003106,1,0,1,0,6
ACCT000934,0,2,2,0,12
ACCT003325,1,1,2,1,20
ACCT003111,1,0,1,0,7
ACCT003113,1,0,1,0,6
ACCT003114,1,0,1,0,6
ACCT003118,1,0,1,0,8
ACCT003119,1,0,1,0,6
ACCT003243,1,1,2,1,21
ACCT003120,1,1,2,1,14
ACCT001019,0,2,2,0,7
ACCT000516,0,1,1,0,6
ACCT003129,1,0,1,0,6
ACCT003303,0,2,2,0,12
ACCT003140,1,0,1,0,8
ACCT003141,1,1,2,1,18
ACCT003142,1,1,2,1,11
ACCT003144,1,0,1,0,6
ACCT001255,0,1,1,0,8
ACCT003164,1,0,1,0,7
ACCT003168,1,0,1,0,6
ACCT002212,0,1,1,0,6
ACCT003169,1,1,2,1,16
ACCT002593,0,1,1,0,7
ACCT003184,1,0,1,0,7
ACCT000201,0,1,1,0,7
ACCT003191,1,0,1,0,7
ACCT003203,1,0,1,0,6
ACCT003214,1,1,2,1,16
ACCT002752,0,1,1,0,6
ACCT003217,1,0,1,0,8
ACCT003223,1,0,1,0,7
ACCT000482,0,2,2,0,6
ACCT003242,1,1,2,1,19
ACCT002425,0,1,1,0,8
ACCT001298,0,1,1,0,7
ACCT003245,1,0,1,0,7
ACCT003267,1,0,1,0,7
ACCT003287,1,0,1,0,7
ACCT003289,1,0,1,0,6
ACCT003414,1,1,2,1,18
ACCT003545,1,1,2,1,20
ACCT003314,1,0,1,0,7
ACCT003319,1,0,1,0,6
ACCT003521,0,1,1,0,6
ACCT003341,1,1,2,1,15
ACCT003344,1,0,1,0,6
ACCT003668,0,2,2,0,9
ACCT003358,1,0,1,0,7
ACCT000387,0,1,1,0,7
ACCT003603,1,1,2,1,15
ACCT002106,0,2,2,0,8
ACCT003380,1,0,1,0,7
ACCT000899,0,1,1,0,7
ACCT003396,1,0,1,0,6
ACCT003421,1,1,2,1,20
ACCT003415,1,0,1,0,7
ACCT003428,1,1,2,1,15
ACCT003433,1,0,1,0,6
ACCT003437,1,0,1,0,6
ACCT003441,1,0,1,0,6
ACCT003458,1,1,2,1,11
ACCT003459,1,0,1,0,7
ACCT003466,1,0,1,0,6
ACCT003478,1,0,1,0,7
ACCT003480,1,0,1,0,6
ACCT003048,0,1,1,0,6
ACCT003488,1,0,1,0,7
ACCT003489,1,0,1,0,6
ACCT003494,1,0,1,0,8
ACCT003499,1,0,1,0,7
ACCT002319,0,1,1,0,6
ACCT003515,1,0,1,0,8
ACCT003540,1,0,1,0,7
ACCT003554,1,0,1,0,7
ACCT003557,1,0,1,0,6
ACCT003558,1,0,1,0,7
ACCT000817,0,1,1,0,7
ACCT003562,1,0,1,0,7
ACCT003573,1,1,2,1,10
ACCT003586,1,0,1,0,6
ACCT003595,1,0,1,0,6
ACCT003606,1,1,2,1,14
ACCT003609,1,0,1,0,6
ACCT003617,1,0,1,0,7
ACCT003404,0,1,1,0,7
ACCT003632,1,0,1,0,7
ACCT000715,0,1,1,0,7
ACCT003633,1,0,1,0,6
ACCT003639,1,0,1,0,6
ACCT003650,1,0,1,0,6
ACCT000897,0,1,1,0,6
ACCT003680,1,0,1,0,6
ACCT003502,0,1,1,0,6
ACCT001738,0,1,1,0,6
ACCT001617,0,2,2,0,9
ACCT001994,0,1,1,0,7
